{
  "project_info": {
    "project_number": "1086261762233",
    "firebase_url": "https://foodgo-1dea3.firebaseio.com",
    "project_id": "foodgo-1dea3",
    "storage_bucket": "foodgo-1dea3.appspot.com"
  },
  "client": [
    {
      "client_info": {
        "mobilesdk_app_id": "1:1086261762233:android:8540e3cbc653a00d",
        "android_client_info": {
          "package_name": "com.example.rr17d2.csubfoodgo"
        }
      },
      "oauth_client": [
        {
          "client_id": "1086261762233-95n3bemocrmq0up4tuh1g06ijqtk8502.apps.googleusercontent.com",
          "client_type": 1,
          "android_info": {
            "package_name": "com.example.rr17d2.csubfoodgo",
            "certificate_hash": "3d07323dc7cbfd2057bdd382d50c64d19a26c4db"
          }
        },
        {
          "client_id": "1086261762233-75atr943lqp3si6f2hefkf082408t7ee.apps.googleusercontent.com",
          "client_type": 3
        }
      ],
      "api_key": [
        {
          "current_key": "AIzaSyDtosfzps7jZAaYaQr8S2ojCg3LGfxJpz4"
        }
      ],
      "services": {
        "analytics_service": {
          "status": 1
        },
        "appinvite_service": {
          "status": 2,
          "other_platform_oauth_client": [
            {
              "client_id": "1086261762233-75atr943lqp3si6f2hefkf082408t7ee.apps.googleusercontent.com",
              "client_type": 3
            }
          ]
        },
        "ads_service": {
          "status": 2
        }
      }
    },
    {
      "client_info": {
        "mobilesdk_app_id": "1:1086261762233:android:bee7ee8387fdce3b",
        "android_client_info": {
          "package_name": "com.example.rr17d2.foodgo"
        }
      },
      "oauth_client": [
        {
          "client_id": "1086261762233-mrdqungfnmgm1dt5j6edld4js06begnv.apps.googleusercontent.com",
          "client_type": 1,
          "android_info": {
            "package_name": "com.example.rr17d2.foodgo",
            "certificate_hash": "3d07323dc7cbfd2057bdd382d50c64d19a26c4db"
          }
        },
        {
          "client_id": "1086261762233-75atr943lqp3si6f2hefkf082408t7ee.apps.googleusercontent.com",
          "client_type": 3
        }
      ],
      "api_key": [
        {
          "current_key": "AIzaSyDtosfzps7jZAaYaQr8S2ojCg3LGfxJpz4"
        }
      ],
      "services": {
        "analytics_service": {
          "status": 1
        },
        "appinvite_service": {
          "status": 2,
          "other_platform_oauth_client": [
            {
              "client_id": "1086261762233-75atr943lqp3si6f2hefkf082408t7ee.apps.googleusercontent.com",
              "client_type": 3
            }
          ]
        },
        "ads_service": {
          "status": 2
        }
      }
    }
  ],
  "configuration_version": "1"
}